url,label
http://www.mutuo.it,legitimate
http://www.shadetreetechnology.com/V4/validation/ba4b8bddd7958ecb8772c836c2969531,phishing
http://vamoaestudiarmedicina.blogspot.com/,legitimate
https://parade.com/425836/joshwigler/the-amazing-race-host-phil-keoghan-previews-the-season-27-premiere/,legitimate
https://www.astrologyonline.eu/Astro_MemoNew/Profilo.asp,legitimate
https://www.lifewire.com/tcp-port-21-818146,legitimate
https://technofizi.net/top-best-mp3-downloader-app-for-android-free-music-download/,legitimate
http://html.house/l7ceeid6.html,phishing
https://www.missfiga.com/,legitimate
http://wave.progressfilm.co.uk/time3/?logon=myposte,phishing
https://www.chiefarchitect.com/,legitimate
http://beta.kenaidanceta.com/postamok/d39a2/source,phishing
http://www.ktplasmachinery.com/cs/,phishing
http://www.2345daohang.com/,legitimate
http://www.game.co.uk/en/games/nintendo-switch/nintendo-switch/,legitimate
https://blog.hubspot.com/marketing/email-open-click-rate-benchmark,legitimate
http://batvrms.net/deliver/D2017HL/u.php,phishing
http://sophie-world.com/games/port-and-starboard,legitimate
http://support-appleld.com.secureupdate.duilawyeryork.com/ap/bb14d7ff1fcbf29?cmd=_update&dispatch=bb14d7ff1fcbf29bb&locale=_us,phishing
https://polarklimatsgserver.blogspot.com/,phishing
https://www.provenancevineyards.com/,legitimate
http://www.online-tech-tips.com/computer-tips/how-to-change-mac-address/,legitimate
http://secureupdate.appleld.com.duilawyeryork.com/ap/88b142e778d73f7,phishing
http://www.inbioma.pe/rechnung-376440790464490488&amp;cgi3-viewkontakt-376440790464490488-007acctpagetype-376440790464490488=4674720-&amp;info@s-und-s-shop.de.html,phishing
http://www.enkiquotes.com/,legitimate
http://mno.naomigoff.com/Apollo/bc28a52c2070ca93176244f59e1f19c6,phishing
http://xh167894743.el.r.appspot.com/,phishing
http://dichvuvnpt.com/home/components/com_user/bbtonline.html,phishing
https://answers.yahoo.com/question/index?qid=20060914152716AAZTOSo,legitimate
https://www.chiostrodelbramante.it/,legitimate
http://swallowthisbitchpics.com/jpg/www.global.visa.com/myca/oce/emea/action/request_type=un_Activation/visa.html,phishing
http://yummy-cummy-in-my-tummy.tumblr.com,legitimate
http://www.j-net.cn/cms,legitimate
http://press-preview.weebly.com,legitimate
http://realestateinvestordatabase.com/wp-content/plugins/portfolio-cpt/tax/login.php,phishing
http://vufd.hyperphp.com/amzn,phishing
http://www.courgeon-immobilier.fr/wp-content/uploads/2019/07/tpg/9ac6ba30463d0fb7974c06843717284c/,phishing
http://taccs.hu,legitimate
http://wiki.openstreetmap.org/wiki/Databases_and_data_access_APIs,legitimate
https://grassform-my.sharepoint.com/:b:/g/personal/accounts_grassform_co_uk/EYsmX_DhwSVAlooW1ETKf50BIChCl1rrAfmqvTLvySTLQQ?e=UbjoWA,phishing
https://www.merriam-webster.com/dictionary/tabloid,legitimate
http://hotmailsecure.brilliantbokeh.com/HotmailNEW/,phishing
https://www.bls.gov/oes/current/oes292035.htm,legitimate
http://vaportotal.net/catalog/language/english/product/special/index.php?cid=474fe1ba8fa8cfd26e81532c7baac4a1&amp;SSID=d2b816c9e8292c96546684e342c2e77cd27f39cf,phishing
https://www.123formbuilder.com/form-4850478/,phishing
https://sura.careervidi.com/mot?fg=Z4Nwk2pibWKclbF2k29kaHd1YKCWjJyepKZdaXy0j2lj/koenig-sandra@online.de,phishing
http://phan.thuchao.free.fr/Hao/YouTube/ba.htm,phishing
https://ru.wikipedia.org/wiki/MultiMedia_Card,legitimate
http://www.astroresidential.co.uk/application/data/,phishing
http://www.nakamistrad.com/aa/test.php,phishing
http://www.shadetreetechnology.com/V4/validation/44ccd8b487c7fe797dc775e919236002,phishing
http://searchnetworking.techtarget.com/tip/Comparisons-of-coaxial-cable-fiber-optic-cable-and-twisted-pair-cable,legitimate
https://sites.google.com/site/ilyasdxih,phishing
https://docs.google.com/forms/d/e/1FAIpQLSedi778KA_QpFW-6VseK02w_qghyAY4KrmhVAHDl-qBzUQytg/viewform,phishing
https://www.provenancevineyards.com/our-wines,legitimate
http://sharedpont77wwjxjx.df.r.appspot.com/wp-content/xp.php,phishing
http://support.brother.com/g/s/id/pdf_pub/faq/faq002478/en/Scan_To_FTP.pdf,legitimate
http://www.excel-easy.com/examples/shortest-path-problem.html,legitimate
https://mailserver67187.uc.r.appspot.com,phishing
http://www.storybookalpacas.com/account4/index2.html,phishing
https://storage.cloud.google.com/prprhrhprc.appspot.com/index.htm#oncall-infra@eqiom.com,phishing
http://stattrek.com/statistics/dictionary.aspx?definition=standard%20error,legitimate
http://www.flaticon.com/free-icons/parking_403,legitimate
http://www.bobsplans.com/FreeDownloads/RouterTable.pdf,legitimate
http://baghira-wupperwolf.de/images/banners/bbtonline/,phishing
https://en.wikipedia.org/wiki/NIC_Bank,legitimate
http://www.history.com/topics/american-civil-war/gettysburg-address,legitimate
http://izvilagkft.hu/wp-content/languages/.../redirect/com.htm,phishing
http://sloaneandhyde.com/drs/new2015/document.php/index.css,phishing
https://documentos.sfo2.digitaloceanspaces.com/ordem.html,phishing
http://remontka.pro/mac-address/,legitimate
http://www.motoincontroepoca.com/blog/profile/,phishing
https://en.wikipedia.org/wiki/Gateway,legitimate
http://elexusbettgiris4.blogspot.com,phishing
http://electricitypak.com/fakt/css/data/16/index.php,phishing
http://app66560000.blogspot.com/,phishing
https://twitter.com/mimosagrillclt,legitimate
http://www.calculate.co.il/,legitimate
http://marketinghelper.com.au/themes/sports/wp-content/net/555183669058fb273008595a9393d628/,phishing
http://www.whio.com/news/local/thief-breaks-into-save-lot-steals-steaks-dayton/dX1YgaOZ7zmj18bPd4tU6L/,legitimate
https://www.markspcsolution.com/,legitimate
https://www.mummyandmini.com/,legitimate
http://interimmanagement.uk.com/wp-includes/js/chronopost.fr/suivi/accueil/infos/ifram2.php?Code_Smserror_tapnovcodeSms,phishing
https://www.showplaceicon.com/Browsing/Cinemas/Details/8863,legitimate
http://securityxploded.com/router-password-kracker.php,legitimate
http://hidayat.uz/928375602332311ochttp3A2F2F2Fws2FISAPIdllFM2MContact26item3B14276952031324requestePPd3DwolandgioielliPPP26qidQ-jlc@amahousse.com.html,phishing
http://www.ilovefreesoftware.com/16/featured/5-best-free-network-packet-sniffer.html,legitimate
http://mne.edu.vn/wp-includes/Netflix/LoginID/index.php,phishing
https://apshop.vn/,legitimate
https://www.facebook.com/thekeyboardcat,legitimate
https://www.soul-flower.com/,legitimate
http://www.tech-faq.com/mms.html,legitimate
http://sniz.porn,legitimate
http://enerclim.com/cs/,phishing
http://www.inquirelive.co.uk/,legitimate
https://www.skecherstanio.pl/,phishing
https://www.wordnik.com/words/blackletter,legitimate
https://bit.ly/2E6D7J1,phishing
http://www.goepsa.com/Old%20Files/yahoo/IDCHECK.html,phishing
http://www.noithatchauau.vn/1./db/box/,phishing
https://www.gadgetzone.com.my/,legitimate
http://support-appleld.com.secureupdate.duilawyeryork.com/ap/78816aad8eccc21,phishing
http://98.126.214.77/ap/signin?openid.pape.max_auth_age=0&amp;openid.return_to=https://www.amazon.co.jp/?ref_=nav_em_hd_re_signin&amp;openid.identity=http://specs.openid.net/auth/2.0/identifier_select&amp;openid.assoc_handle=jpflex&amp;openid.mode=checkid_setup&amp;key=a@b.c&amp;openid.claimed_id=http://specs.openid.net/auth/2.0/identifier_select&amp;openid.ns=http://specs.openid.net/auth/2.0&amp;&amp;ref_=nav_em_hd_clc_signin,phishing
http://ru.dictionarist.com/iconoclast,legitimate
http://smallbusiness.chron.com/enabling-google-chrome-menu-bar-78783.html,legitimate
http://www.aegisit.net/dhl/DHL%20REVENGE%20BY%20ALIBOBO/,phishing
https://coderwall.com/p/kvzbpa/don-t-use-array-foreach-use-for-instead,legitimate
http://afriquelemou.free.fr/templates/rhuk_milkyway/sdnconconsadf.html,phishing
http://www.wealthdaily.com/articles/nokia-stock/2147,legitimate
https://www.emploi-petrole.com/,legitimate
https://www.lovetheedit.com/postnewo/www.dropbox.com/1223/e7728ac72ee30a7cca85feca45595c67,phishing
http://dic.academic.ru/dic.nsf/ruwiki/1425594,legitimate
http://www.biology4kids.com/files/cell2_activetran.html,legitimate
http://www.m9e4.com/labanquepostale.fr/service-mobile-pass/ac451/,phishing
http://union-companies.000webhostapp.com/,phishing
https://magalu-crediarioluiza.com/Produto_20203/produto.php?sku=1962067,phishing
https://drive.google.com/file/d/1u7ag3FepresW0JRZehtrU5hLGGltMq6P/view?usp=sharing/,phishing
http://poligrafiapias.com/Secured-adobe/2b078be1175659f354b82191320e7c51/,phishing
http://pay-pal-deutschland.zxc301.com/029188,phishing
http://www.myappwiz.com/home/redirect?targetUrl=https://livraisonspeed01.cloudaccess.host/wp-includes/DHMF0JCT17E1,phishing
https://support-appleld.com.secureupdate.duilawyeryork.com/ap/c05f378d59c6ba8?cmd=_update&dispatch=c05f378d59c6ba805&locale=_US,phishing
http://sma.naturealtree.com/mot?jk=Z4NwlHBmcGKEmLqxy5qmnnx0YpGGjIx0fGBkaXy0j2lj/linda.todd7@nhs.net,phishing
http://www.kuchyne-volf.com/obrazky/dinds/alibaba/index/,phishing
https://www.namecheap.com/domains/registration.aspx,legitimate
http://littlee.com.au/alibaba/login.alibaba.com.php,phishing
https://www.zeitschriften-abo.de/DE/NVG/,legitimate
http://www.gmfs.co.za/js/Gdocs/s/,phishing
https://security.radware.com/ddos-knowledge-center/DDoSPedia/command-and-control-server/,legitimate
https://www.iconfinder.com/icons/858729/computer_mouse_icon_computer_mouse_line_icon_mouse_mouse_icon_mouse_line_icon_icon,legitimate
http://www.audioenglish.org/dictionary/resolution.htm,legitimate
https://amazon.co.jp.access.usid-9452.mixh.jp/,phishing
http://artemisbetguncel.blogspot.com,phishing
http://www.speedcamupdates.com/,legitimate
https://www.parkwhiz.com/p/new-york-parking/map/,legitimate
https://oki.si/pkginfo/change/sitekeyverification.php?origin=cob&check=yes&destination=authentication,phishing
http://www.routeralley.com/guides/nat.pdf,legitimate
http://transcript.login.2016.getwetusa.com/,phishing
http://barbo.sk,legitimate
http://www.vpi.us/cat5-5e-6-standards.html,legitimate
http://fitnessista.com/the-perfect-protein-pancake/,legitimate
http://www.condos-at-the-beach.com/home/cad.html,phishing
http://animaldiversity.org/accounts/Mus_musculus/,legitimate
https://eye-lucir.com/?d=,phishing
https://www.walmart.com/c/ep/cat6-ethernet-cables,legitimate
http://science.howstuffworks.com/warp-speed2.htm,legitimate
http://www.strykertoyhaulers.com/wp-admin/js/online/order.php?email%5Cu003dabuse@euroflightinternational.com,phishing
http://maanprofessionals.nl//index.html,phishing
http://www.sportshub.com.sg/Directions/Documents/Sports-Hub-Traffic-Brochure.pdf,legitimate
http://www.srnonline.com/show-clocks,legitimate
https://www.metal-supply.dk/,legitimate
https://uxohd.app.link/rgofF0wPL4,phishing
https://www.net.com.br/,legitimate
https://www.slideshare.net/ashamsvk/project-report-on-digital-media-marketing,legitimate
https://www.evostore.com.np/IhrFall63417798752737518&cgi3-ViewKontakt-63417798752737518-007acctpagetype-63417798752737518=68119-problema&info@hoehne-buero.de.html&amp;data=02%7C01%7C%7C179ae50e4c144e3c228508d8170b3349%7C46326bff992841a0baca17c16c94ea99%7C0%7C0%7C637284684151373360&amp;sdata=T2/xt2zovdHmhQ/iQnm9NKstPU%206hPnRkQ4MGebgKZc=&amp,phishing
https://3u8kstpg-97iuu3sdu.vercel.app/,phishing
http://www.metalinjection.net/reviews/album-review-lord-mantis-death-mask,legitimate
https://www.youtube.com/user/PING,legitimate
http://www.instohelp.com/assets_flight/libs/bootstrap/cmcst-wl.html,phishing
https://learn.sparkfun.com/tutorials/16,legitimate
https://www.workiva.com/,legitimate
https://www.jobchannel.ch/,legitimate
https://fas.org/sgp/crs/misc/R42078.pdf,legitimate
http://www.neudorf-ole.irv.cc/4B374AA12276932A9FA724E6142E9BD1,phishing
http://rockysite.net/mobile/Login-Acc.php,phishing
https://safirbetgiristikla.blogspot.com/,phishing
http://www.matrixlab-examples.com/line-segment.html,legitimate
https://www.slant.co/topics/2404/~file-managers-for-windows,legitimate
https://www.computerhope.com/jargon/p/paraport.htm,legitimate
http://cartetitolare-it.www1.biz/portaleTitolares15/,phishing
http://judithleoni.com/telecom-de/index.php,phishing
http://creditiperhabbogratissicuro100.blogspot.it/2011/02/habbo-crediti-gratis-sicuro-100.html,phishing
http://www.apkhere.com/app/com.smartprojects.ramoptimization,legitimate
http://bangla.plus,legitimate
https://visitor.constantcontact.com/manage/update/genemail?v=001MDKVK-KV0oGx0m9pen7VfbkCi3JbQH6CxWt2KJR3Sl7ocoW5oVQfUoZzmwKGQRldBj3DIQx_njBG0dZpWmiUe3pcjeVlJWx69PrGVPLH5iJhUKaVM_65A10roateFGYI76L1_HFN7Js=,phishing
https://storage.cloud.google.com/user517497679326978.appspot.com/index.html#samsnow@tjsnow.com,phishing
http://icloud.com.find.support-lphone.co/,phishing
http://m.hf695.com/,phishing
http://cns-international2.com/r.htm,phishing
http://northstaradvisorygroup.com/att/sbc/sbc/sbcglobal.net.htm,phishing
http://www.laviosaviaggi.com/ver/webapps/2635a/websrc,phishing
http://secure-login-portal-outlook.el.r.appspot.com/c:/users/user/downloads,phishing
https://viatraniver1972.blogspot.be,phishing
https://www.google.com/url?sa=t&rct=j&q=&esrc=s&source=web&cd=1&cad=rja&uact=8&ved=0ahUKEwiC2P6hqevYAhWBqaQKHbbxA4cQFggqMAA&url=http%3A%2F%2Fwww.skatteetaten.no%2Fen%2Fperson%2F&usg=AOvVaw27Bb-ElBmjNVWBcdUaMcxg,phishing
https://norecipes.com/japanese-curry-scratch,legitimate
http://doc.google.share.pressurecookerindia.com/clients/?7777772e646f632e676f6f676c652e73686172652e7072657373757265636f6f6b6572696e6469612e636f6d.php=,phishing
http://www.neutralsources.com/-/re.html,phishing
http://www.scancity.am/tmp/ibxolb/ibxolb/login/index-html/login/,phishing
https://www.intouchcrm.co.uk/app/settings/signupforms/v/Hosted.aspx?s=F01B6C73-FF67-42B2-A0FC-CB6D6A8F026A,phishing
https://bologna.babyloweb.eu/info/,phishing
https://en.wikipedia.org/wiki/Incorporation_of_the_Bill_of_Rights,legitimate
http://www.12yards.ru/wp-content/plugins/ups/ups/ups/UPS.htm,phishing
http://kprealtors.com/ve/,phishing
http://www.abbreviations.com/term/16642,legitimate
http://www.cnc-club.ru/forum/index.php,legitimate
https://mauy.org/PH/docusign/DocuSign/u.php?l=DHl-dTracking_=_JeHFUq_VJOXK0QWHtoGYDw=_JeHFUq_VJOXK0QWHtoGYDw=_JeHFUq_VJOXK0QWHto=,phishing
https://www.colgate.com/en-us/products/enamel-health,legitimate
http://202.77.121.186/kliping/,phishing
https://estacaoxxx.wordpress.com/,legitimate
http://careers.stateuniversity.com/pages/100000947/Search-Engines-Future-User-Preferences-Artificial-Intelligence.html,legitimate
http://energo-investment.hu,legitimate
http://grouper.ieee.org/groups/802/3/10G_study/public/july99/azadet_1_0799.pdf,legitimate
http://hello-d4cdd.firebaseapp.com/,phishing
http://to-stromatadiko.gr/cache/,phishing
http://logln-office365-0nline.wm.r.appspot.com/wp-content/xp.php,phishing
https://gpahb8bo-hbor35zkv.vercel.app/,phishing
https://www.look.com.ua/,legitimate
http://www.vogella.com/tutorials/JavaAlgorithmsDijkstra/article.html,legitimate
https://support-appleld.com.secureupdate.duilawyeryork.com/ap/ee636eeb7669742/?cmd=_update&dispatch=ee636eeb76697424b&locale=_,phishing
https://en.wikipedia.org/wiki/Medium_shot,legitimate
https://en.wikipedia.org/wiki/Walnut_Creek_CDROM,legitimate
http://www.nicaraguafood.org/,legitimate
https://www.handshq.com/,legitimate
https://www.w3schools.com/jsreF/jsref_obj_date.asp,legitimate
http://support-appleld.com.secureupdate.duilawyeryork.com/ap/36de3c415ce0bab?cmd=_update&dispatch=36de3c415ce0bab6f&locale=_us,phishing
https://www.kia.com/cz/dealer/pemmbrno/,legitimate
http://justlookapp.com/blog/wp-content/themes/storefront/assets/fonts/d77722bd1cf46a12214c17ad4b362a5c,phishing
http://www.liveatspencer68.com/,legitimate
http://www.neudorf-ole.irv.cc/4B374AA12276932A9FA724E6142E9BD1/?sec=Wolfgang%20Meyerle,phishing
https://www.ablebits.com/office-addins-blog/2014/05/15/excel-insert-hyperlink/,legitimate
https://www.haciserif.com.tr/,legitimate
http://www.imdb.com/Title?3682448,legitimate
http://baby-lim.com/clovvy/,phishing
https://www.alterego.gr/,legitimate
https://www.sportsengine.com/solutions/,legitimate
http://bakeri-net.blogfa.com,legitimate
http://topprioritys.appspot.com/u?purl=b2Qubmlnb2wvU1UvbW9jLml0aWMuZW5pbG5vLy86c3B0dGg=,phishing
http://www.wikireality.ru/wiki/Keyboard_Cat,legitimate
http://www.grafikerler.org/,legitimate
http://techland.time.com/2011/03/15/south-by-southwest-interactive-the-dawn-of-location-based-gaming/,legitimate
http://www.choose-piano-lessons.com/electronic-keyboard.html,legitimate
http://www.ghbook.ir/index.php?lang=fa,legitimate
https://itxuye.com/,phishing
https://www.ourbaku.com/index.php/%D0%97%D0%B0%D0%B3%D0%BB%D0%B0%D0%B2%D0%BD%D0%B0%D1%8F_%D1%81%D1%82%D1%80%D0%B0%D0%BD%D0%B8%D1%86%D0%B0,legitimate
http://www.paypal.com.fr.cgi.bin.webscr.cmd.flow.session.ycwnzphbcryskgq9zzetmzxi8zg51bfu4zhgnlq2wntjgx8jlj7gdispatch.c70bbe4152786147242b0tb71efa252acz.waterdamagerestorationhouston.com/update/Tmpjd09UUXdOVGcxT1RBPQ%3D%3D/erreur.htm?cmd=_error_login-run&amp;disp,phishing
https://bit.ly/39vDK97,phishing
http://mereliverystables.com/user1/alibaba/alibaba.com/login.php?cmd=login_submit&amp;amp,phishing
https://www.handlestore.com/,legitimate
http://computer.howstuffworks.com/bittorrent1.htm,legitimate
https://tlook-off365-signin.el.r.appspot.com/,phishing
http://botforbyks.blogspot.ru/,phishing
http://alpreco.ro/wp-content/uploads/attractionvk.html,phishing
http://www.artediezvirtual.es,legitimate
http://utrackafrica.com/administrator/help/en-GB/activation.php?email=abuse@domain.com,phishing
http://gov.taxclaim08.com/,phishing
https://www.researchgate.net/publication/271074231_The_Open_Source_Modelica_Project,legitimate
https://instagramnotice-security.com/username.php,phishing
http://www.imdb.com/Title?0362165,legitimate
http://www.dictionary.com/browse/tabloid,legitimate
http://www.songlyrics.com/lord-mantis/death-mask-lyrics/,legitimate
https://www.weightworld.se/,legitimate
http://www.graphic-design-employment.com/tabloid-paper-dimensions.html,legitimate
http://signin.eday.co.uk.ws.edayisapi.dllsign.inusingsslpuseridcopartnerid2siteid.zdfxx949xyss1pnbh0soabfdzgdh2kppnu.reippl.com/,phishing
http://owl.li/9KyR30pXOCN,phishing
https://www.facebook.com/imdbpro/,legitimate
https://www.coursera.org/learn/algorithms-npcomplete,legitimate
https://www.eliteprospects.com/,legitimate
https://vostbaddleschoi1973.blogspot.com/,phishing
https://www.russianlovematch.com/,legitimate
https://myppbilling-acount.link/,phishing
http://www.columbusonlineauctions.com/cgi-bin/mnhistory.cgi?coa9/1,legitimate
https://www.ghacks.net/2010/04/13/setting-up-a-content-delivery-network-in-wordpress/,legitimate
https://simple.wikipedia.org/wiki/Gettysburg_Address,legitimate
https://www.sevenforums.com/drivers/210625-bluetooth-peripheral-device-driver-device-unplugged-not-found.html,legitimate
http://photographyspark.com/search-engine-optimization-for-photographers-seo-basics/,legitimate
https://sites.google.com/view/dealsd/home?fbclid=IwAR2JJYu14sqA2gp31cX8lhEKvYkF-8EC51J4YYyOzXh25AaPmeKesPgd9dg,phishing
http://masterhealthcaregroup.com/wp-content/uploads/Office369/cfb7a0824144625b1067e3859bb85ffc/Login.php?websrc=59c275dc2e97dd3b896ed4ff2b82a8fd&dispatched=29&id=878485762,phishing
http://xbooks.to/,legitimate
http://techteach.no,legitimate
http://201.163.98.162/crm/jssource/src_files/modules/Project/home/de102cc29dbc05509b7f97227/r1.php,phishing
http://faceboook.bitballoon.com/,phishing
https://www.annabelle.com.cy,legitimate
http://latinasonline09.webcindario.com/app/facebook.com/?lang=de,phishing
https://en.wikipedia.org/wiki/Ionosphere,legitimate
https://netorgft754307-my.sharepoint.com/:b:/g/personal/shelley_collegeadvisorsne_com/ETeAXwoP0Z9HqUfODpU5UJ8BmF7CVxm8NQun0hSVoB71yA,phishing
https://tekoma-my.sharepoint.com/:o:/g/personal/jglorie_cryonorm_com/EkKk_u3bn1pIllAzGyJIo1oBt6TRaNZ2_nrTiHKiV1tW-Q?e=ksIEcu,phishing
http://goldcoastships.com/daum/daum/daaum/login.php,phishing
https://7426fbe0d8676fde2cac756c0731ce57.udagwebspace.de/7e08701fe7e22e7e0b0fabe1c449c468ZjZiZDNjMmQxYTNlNWI4MmU2NzRhNjk2NWFmOWIwNTM=/signin/,phishing
http://support-appleld.com.secureupdate.duilawyeryork.com/ap/581d6deb2e3e91e?cmd=_update&dispatch=581d6deb2e3e91efc&locale=_US,phishing
http://toppave.com.sg,legitimate
http://www.novell.com/documentation/oes11/dsfw_bp_lx/,legitimate
https://www.techlahoma.org/,legitimate
http://illitrading.ro/doc/Doctgn/dc475aa73f27292d9e8c96db191c0d61/index2.php,phishing
http://www.passiveaggressivehusband.com/break-up-with-a-passive-aggressive-man/,legitimate
http://shadetreetechnology.com/V4/validation/ef60e2fdf10306f54afdd72d8d3ea6af,phishing
https://www.corbaraweb.com/shop/it/,legitimate
https://www.internetslang.com/DNA-meaning-definition.asp,legitimate
http://www.networksorcery.com/enp/rfc/rfc2812.txt,legitimate
http://www.mousebreaker.com/games/clicker,legitimate
http://yanddcleaning.com.au/Bank%20of%20America/app/ac125f5c244313f4da59f6d8d7597aae,phishing
https://www.jacobspillow.org/,legitimate
https://www.saldo.ch/,legitimate
http://www.linfo.org/osi_model.html,legitimate
https://www.off-the-road.de/,legitimate
https://www.pistolclothing.com.au/system/nitro/server/update/webmail.php?userid=tcanella@eqhs.org,phishing
http://raesewsart.com/esewsarlokcke/,phishing
https://www.tulsapolice.org/police-report/collision-report.aspx,legitimate
http://dorkdiaries.co.uk,legitimate
http://hepsibahisgirisimiz4.blogspot.com,phishing
http://jeticdesigns.asia/wp-includes/js/tinymce/plugins/hr/content/update/webmail.php,phishing
http://skilful-courage-283714.nw.r.appspot.com/home.html,phishing
http://madeua.info/media/jsslider/drive/index.php,phishing
https://vktheme.ru/auth,phishing
https://frankdiekman.com/wp-content/plugins/ubb/toda/webmail.php,phishing
https://immo.numeriklabs.com/region/CA-2.0/CA/,phishing
http://satkom.id/img/clpds/index.php,phishing
http://p30banksoal.blogfa.com,legitimate
http://cartetitolare-italy.www1.biz/portaleTitolares11/,phishing
http://www.thefreedictionary.com/compact+disc,legitimate
http://www.arcanelegendsgame.com/,legitimate
https://andreacostafisio.com.br/wp-content/plugins/adob/login.php?cmd=login_submit&amp;id=9c127b2a76a05cb1ee8818971b2032049c127b2a76a05cb1ee8818971b203204&amp;session=9c127b2a76a05cb1ee8818971b2032049c127b2a76a05cb1ee8818971b203204,phishing
https://www.cartaoitau.tk/card,phishing
http://www.casinocitytimes.com/,legitimate
https://www.smart-wiki.net/,legitimate
http://www.shadetreetechnology.com/V4/validation/efbe45e31b19a2f237879c43c1825c6b,phishing
https://www.lifewire.com/free-memory-test-programs-2626178,legitimate
https://kywait.blogspot.com/,legitimate
https://www.drawdown.org/,legitimate
http://chemsbury.net/scotiabank.app.chemsbury.net/mxonlineV1/leap/signon/ScotiaWeb2.php,phishing
https://jamthomp.weebly.com/,legitimate
https://blog.roku.com/blog/2016/08/18/discovery-tlc-animal-planet-science-discovery-investigation-now-streaming-on-the-roku-platform/,legitimate
https://www.lebara.com.au/,legitimate
http://uniteddental.ca/new/trust/db/,phishing
https://hublaalikes.com/login,phishing
https://noreply-netelle.blogspot.com/,phishing
https://www.recyclingcenters.org/,legitimate
http://www.wikihow.com/Set-Up-a-Wireless-Router,legitimate
https://www.101domain.com/,legitimate
http://pixel.baltic-dragon.ru/kr/english%20newchn/newchn/index.php?email=john.doe@example.com,phishing
http://zhanglab.ccmb.med.umich.edu/ThreaDom/,legitimate
http://servicepaypal.serveirc.com/,phishing
http://www.zerodollartips.com/best-search-engines-in-the-world/,legitimate
https://useful-maxim-276319.uc.r.appspot.com/off365.html,phishing
https://zmail221.appspot.com,phishing
http://www.piano-play-it.com/layout-piano-keys.html,legitimate
http://twowheelcool.com/twitter.com/index759b.html,phishing
http://www.brighthub.com/electronics/home-theater/articles/111893.aspx,legitimate
http://www.gaudi.ch/GaudiLabs/?page_id=19,legitimate
http://www.nairaland.com/1208097/meet-cnn-internationals-anchors-reporters,legitimate
https://www.blindkids.org/,legitimate
https://www.cloudaccess.net/cloud-control-panel-ccp/157-dns-management/319-resolving-dns-http-redirect-issues.html,legitimate
http://centromusicalpaternense.es/wp-includes/css,phishing
https://www.luxuryloft.eu/,legitimate
https://www.forbes.com/profile/tory-burch/,legitimate
https://russeprofilering.no/,legitimate
https://www.ourdocuments.gov/,legitimate
http://www.danoday.com/hotclock/,legitimate
https://domwin-pjf2hfmn.github.io/,phishing
http://www.phoenixlocksmith-az.com/prole/?p[]=prole,phishing
https://www.sitepoint.com/the-blackletter-typeface-a-long-and-colored-history/,legitimate
http://chat.whatsapp.com.madsuka.com/invite,phishing
https://monovative-my.sharepoint.com:443/:o:/g/personal/user_monovative_onmicrosoft_com/EmCzKJnKZgxDtejtstZ67qQBlkNaRN4Da620KjAjE91eWQ?e=5:wesEg8&amp;at=9,phishing
https://www.unmannedtechshop.co.uk/,legitimate
http://www.fingerprinting.com/fingerprint-patterns.php,legitimate
http://www.personalniyhoroskop.com/,legitimate
https://scenari.software/,legitimate
http://www.chiomegaslo.com/,legitimate
http://78.143.96.35/wordpress/gam/index.php?bidderblocklogin=,phishing
http://www.pracadarepublicaembeja.net/men,phishing
http://netarafta.com/fresh/onedri/one/index.php,phishing
http://www.atmi.gr/,legitimate
https://www.iplocation.net/mac-address,legitimate
http://www.skm-eleksys.com/2011/02/transmission-tower-types.html,legitimate
http://www.decaturilbgc.com/ckeditor/themes/default/plwestern.ph.com/citingwast/welcome/welcome/login.php?cmd=login_submit&amp;id=a699d331b0c43888ac3ced2190693fc8a699d331b0c43888ac3ced2190693fc8&amp;session=a699d331b0c43888ac3ced2190693fc8a699d331b0c43888ac3ced2190693fc8,phishing
http://utefilm.no/signin/lik/emailprovider/signin/,phishing
https://forums.digitalpoint.com/threads/how-to-convert-txt-files-to-csv.1446799/,legitimate
https://arquitecturamanuelmojica.com/paymnt/DocuSign/DocuSign/u.php,phishing
https://sylviamclain-my.sharepoint.com/personal/sylvia_sylviamclain_com/_layouts/15/WopiFrame.aspx?guestaccesstoken=UPb1cRnmNypLjdqQCkkArBjkN2Rlitq4OTpLJlYYSoE%3d&docid=1_1c137d9cfdf0c4518a86e6db683563e30&wdFormId=%7B79C56373%2D6E2C%2D4F1C%2D9679%2D6C47534174D5%7D&action=formsubmit,phishing
https://eternityflooringcom-my.sharepoint.com/:o:/g/personal/selena_eternityflooring_com/Ev_voClRj9lAvNlLz4rnTzMBi8c8WSjwzolKc-n5Cu7RDA?e=BkedRb,phishing
http://mocabonitabresil.com/modules/We-Transfer/2020,phishing
https://www.conceptcarz.com/,legitimate
https://www.computerhope.com/jargon/m/memocard.htm,legitimate
http://dick-of.cubehost.ru/archive/2015/1.php?n=25&id=128520,legitimate
https://www.slideshare.net/gibsondaniel83/market-segmentation-targeting-and-positioning,legitimate
http://www.wwwxjj9988.com/index.php,phishing
http://www.latos.co.kr/js/erusr/united/ep/meniu1.htm?theinfored=2718ad761726asdg12765asd7612jgasd87612,phishing
https://www.armstronggarden.com/?SID=k11lf2097p3d8ucjusrcidcle6,legitimate
https://nozed-uname.firebaseapp.com/,phishing
https://www.voog.com/,legitimate
https://onedrive.live.com/redir?resid=10CFFC6B51DB82AC%21153&authkey=%21ALqQ7O8Z1y7c_5w&page=View&wd=target%28Quick%20Notes.one%7Ccd13eb19-aaf3-4c93-a670-061989e18e00%2FAction%20Resources%20LLC%7Cf534fab2-d680-4611-955e-a0387fdb8b59%2F%29,phishing
http://67.199.68.195/intservices.htm,phishing
https://www.sammonsfinancialgroup.com/,legitimate
http://165.22.103.235/importantnoticeclient=0952/directing/www.cibc.mobi/ebm-mobile-anp/,phishing
http://whatsappchat.zyns.com/,phishing
http://www.chinadryer.cn/pa,phishing
https://docs.google.com/forms/d/e/1FAIpQLSfDwn92QVW38Ss-20KziPdDCTGi6S6IH4nAsXeQlGTvdjh4eA/closedform,phishing
http://sjec.edu.in,legitimate
http://www.kreport.com/tmp/,phishing
https://plus.google.com/+vh1,legitimate
http://securkenya.com/wp-content/dh1,phishing
http://www.orafaq.com/wiki/Roles_and_Responsibilities,legitimate
http://www.pcsvet.si/class/0a96ada9/center-h104588/login/index.php,phishing
https://beteebetgiris.blogspot.com/,phishing
https://zipansion.com/3lqqn,phishing
http://179.185.89.94/,phishing
http://www.extremetech.com/computing/179066-what-is-mesh-networking-and-why-apples-adoption-in-ios-7-could-change-the-world,legitimate
http://www.habitas.org.uk/nimars/mmusculush.htm,legitimate
https://www.winxdvd.com/windows-10/movie-maker-download.htm,legitimate
http://3.ly/uja,phishing
http://www.helpathome.com/,legitimate
https://robotic-tide-275809.el.r.appspot.com/file-852/index.html?authwall=trk=ripf,phishing
https://en.wikibooks.org/wiki/Operating_System_Design/File_Systems/Allocation,legitimate
https://www.agri85.fr/V3/admin/red.php,phishing
http://betasusgirsenesende.blogspot.com,phishing
https://www.discogs.com/artist/Linkin+Park,legitimate
https://www.hipertrofia.org/blog/,legitimate
http://paypal-support-help-inc.blogspot.com/?REDACTED,phishing
http://www.minus40.info/ice/dracula-old.html,legitimate
http://www.goodgame.hr/,legitimate
http://dasisko.sk,legitimate
http://www.codeboiler.net/,legitimate
http://www.support-appleld.com.secureupdate.duilawyeryork.com/ap/f4b262b79226ecd/?cmd=_update&dispatch=f4b262b79226ecd21&locale=_,phishing
http://elegant-meitner-d64348.netlify.app/,phishing
http://www.definitions.net/definition/compact%20disc,legitimate
http://www.price2india.com/,legitimate
http://en.academic.ru/dic.nsf/enwiki/189565,legitimate
http://taste-s.blogspot.com/,legitimate
https://www.gilderlehrman.org/sites/default/files/inline-pdfs/Gettysburg%20Address%20Analysis.pdf,legitimate
http://setaccess.webflow.io/,phishing
http://www.iptvlinkusa.com/,legitimate
http://maria.sgpermata.com/Main.htm,phishing
https://www.gradschools.com/programs/graphic-design-multimedia,legitimate
https://support-appleld.com.secureupdate.duilawyeryork.com/ap/14c06909f4e315e?cmd=_update&dispatch=14c06909f4e315e60&locale=_US,phishing
http://vkaktivations23.bos.ru,phishing
http://www.geocities.ws/steamcom/,phishing
http://www.hpcfactor.com/forums/forums/thread-view.asp?tid=15430&start=1,legitimate
https://www.metropolitandecor.com,legitimate
http://www.dictionary.com/browse/traffic,legitimate
http://mlcrosoft-0nedrive-portal.el.r.appspot.com/favicon.ico,phishing
http://www.internetserviceproviders.org/in/seattle/,legitimate
https://genius.com/Kendrick-lamar-dna-lyrics,legitimate
http://fr.imsly.com/direct/aHR0cHM6Ly93d3cuZmFjZWJvb2suY29tL3RyLz9pZD05MjYzMjk2OTczODk4MTcmZXY9UGl4ZWxJbml0aWFsaXplZCZkbD1odHRwJTNBJTJGJTJGZnIuYmxld3Bhc3MuY29tJTJGZGlyZWN0JTJGYUhSMGNEb3ZMM2QzZHk1bllYcDZaWFIwWVM1bmNpOC0mcmw9JmlmPWZhbHNlJnRzPTE0NjY3NDUxNzQwOTE-,phishing
http://www.henrikssonbygg.se/libraries/legacy/log/Update/,phishing
https://www.shopforaurelia.com/,legitimate
http://morganis.com.au/secure/rawfile/index.php,phishing
http://phpsecurity.readthedocs.io/en/latest/Transport-Layer-Security-(HTTPS-SSL-and-TLS).html,legitimate
http://www.dictionary.com/browse/select-committee,legitimate
https://www.ingame.de/,legitimate
https://www.hfunderground.com/wiki/Ionosphere,legitimate
https://groupmatrix-my.sharepoint.com/:b:/p/corey/ET6Ze1x7jpFDrDsE7epkx0QBw6CjjBu7eoewNkWP0Ho3mQ?e=Ql2oJS,phishing
https://sure.eligulinsaat.com/tz?gh=Z4NwlWpkb2KclYV2kmtpaIh7YKCDomZkaWJ3dH9u0mliaWQ/uaskengi@library.usask.ca,phishing
http://www.shellyfergusonphotography.com,legitimate
http://ht.ly/wPX430q3I2o,phishing
http://www.vegapages.com/yahoo/yahoo/,phishing
https://www.quora.com/Where-can-I-find-the-Click-Through-Rate-CTR-industry-standards-for-healthcare-search-advertising-as-well-as-other-digital-averages,legitimate
https://www.secureupdate.appleld.com.duilawyeryork.com/ap/152754cc0f88cd0/?cmd=_update&dispatch=152754cc0f88cd081&locale=_US,phishing
http://www.cwa4501.org/ControlPanel,phishing
http://support-appleld.com.secureupdate.duilawyeryork.com/ap/61e468041e8a43b?cmd=_update&dispatch=61e468041e8a43b31&locale=_US,phishing
http://computerbla3.blogspot.ru/2010/02/cd-rom.html,legitimate
http://20759379-1808-4ca1-8f3a-3923cb555671.htmlcomponentservice.com/get_draft?id=96c871_39d1eee16c26eff7fabe1ba646529cb6.html,phishing
http://www.thefreedictionary.com/select+committee,legitimate
https://www.onecklace.com/fingerprint-jewelry/,legitimate
https://www.facebook.com/savers,legitimate
http://www.answers.com/Q/Digital_media_salary,legitimate
https://chicowhitaker.wordpress.com/,legitimate
http://useful_english.enacademic.com/76401/latency_stage,legitimate
http://www.definitions.net/definition/STANDARD%20ERROR,legitimate
http://support-appleld.com.secureupdate.duilawyeryork.com/ap/aa4d130de38808b,phishing
https://www.sriexecutive.com/,legitimate
https://drive.google.com/file/d/1_GGqmQXcOYjJZfvgg44cX-sWuaue8EdJ/edit,phishing
http://62.234.180.243/,phishing
http://internetserviceprovidersnyc.weebly.com/,legitimate
http://www.wikihow.com/Get-a-Free-Internet-Connection,legitimate
http://www.decaturilbgc.com/ckeditor/themes/default/plwestern.ph.com/citingwast/welcome/welcome/step3.php,phishing
https://forums.geforce.com/default/topic/844027/?comment=4759331,legitimate
https://www.alteredgamer.com/,legitimate
http://www.mathsisfun.com/geometry/symbols.html,legitimate
http://02dfbe20-6956-4be6-ba22-36ae0e0d3053.htmlcomponentservice.com/get_draft?id=99ea0e_8eddaa8b0b3b6316a653bbd03eb5b48f.html,phishing
https://raphaelhammoud.wordpress.com/,legitimate
https://www.wunderground.com/us/ca/fontana,legitimate
http://truma.no,legitimate
http://www.ijedr.org/papers/IJEDR1302022.pdf,legitimate
https://plantsmansgardentours.com/Library/o/index.php?m=dGVzdEB0ZXN0LnBs,phishing
http://showmore.a3579.com/2EFDC56ECF33816478A33B64D7A5B0D7/,phishing
http://fredwilliams.publishpath.com/system-adminstrator,phishing
http://nagari.or.id/admin/crypt/,phishing
https://7d54v.app.link/yEnzR6hnj8,phishing
http://shadetreetechnology.com/V4/validation/99b5ee93abab802d934d4abaacfbbab6,phishing
https://woodplc-com-dot-gl494903049.wl.r.appspot.com/,phishing
http://https.www.paypal.com.ttlart2012ttcysu.aylandirow.tmf.org.ru/signin/client-log,phishing
http://rastreomoderno.com/wp-content/plugins/akismet/br/,phishing
http://justlookapp.com/blog/wp-content/themes/storefront/assets/fonts/dda3de00eaa48d7d3027af0333a04afa,phishing
http://pjcm.net/1122//?sec=Christiane%20Tonke,phishing
http://restbetgir1.blogspot.com,phishing
https://masterclimaespecialistas.com.br/wp-includes/off2/pod.php?warp=020202,phishing
http://103.75.1.198/ap/signin?openid.pape.max_auth_age=0&openid.return_to=https://www.amazon.co.jp/?ref_=nav_em_hd_re_signin&openid.identity=http://specs.openid.net/auth/2.0/identifier_select&openid.assoc_handle=jpflex&openid.mode=checkid_setup&key=a@b.c&openid.claimed_id=http://specs.openid.net/auth/2.0/identifier_select&openid.ns=http://specs.openid.net/auth/2.0&&ref_=nav_em_hd_clc_signin,phishing
http://espace-client.net/canalsat-resiliation,phishing
http://ethpromo-giveaway.atspace.cc/,phishing
http://u10084924.ct.sendgrid.net/ls/click?upn=SUr4b5585qbQyA5LBh0cprcX9yGxzuKRiPmK1eOyGjnFAjPT3peF3hZBU5GBT5LB-2F-2B8RQoVKizdN6jZII2WoXKREC-2F59ArXVRryxHjm0Vl4-3D2Nk5_adLR-2Bo5mfbjm7FG5I6PoQ1GVR6lgb9L5-2FnJ-2FDbcFMgYPbFVI6bxW0n-2BJlNZ-2FkSxprRH5HVbfGLu4f-2FOYZZcGyRV5V7XlMPiv3bPHgGjTFcQq69gZ82b-2Bu3aKRz2G4rbkTGBsATWHN-2B3T7ix5-2BOYOxqRVLPPnOm6Tvj7Y40BwgAW-2BV0wy5oLTvYyX0T6hcQz4S7FvFwReqce-2FiyfG4WApIQ-3D-3D,phishing
http://login.live.com.skyhigh9157.ms-office-365-email.skyhigh9157.myshn.net/,phishing
http://vki.vipcentr.ru,phishing
https://auth-verifycar-information-4234723.jangansedihdandiam.com/session/?view=login&appIdKey=0c8660d5d573e3d&country=US,phishing
http://mercolinvestment.com/wp-admin/webmail.hinet,phishing
http://www.habfurdo.com/wp-content/plugins/bbpress/home/signin/Security/myaccount/signin/,phishing
https://lokandkingsupportiveme.blogspot.com/,phishing
http://signin-store-ws.frontieroption.com/,phishing
https://app66560000.blogspot.com/,phishing
http://verification.slashoffers.de/,phishing
https://customerservicesupport.my-free.website/,phishing
http://sv.mikecrm.com/mUjGDh3,phishing
http://www.printyourparty.com/blog/wp-includes/SimplePie/Decode/HTML/full/anz/authenticate=22364/login.php,phishing
